{
  "__COMMENT1": "To apply this configuration to all newly generated worlds",
  "__COMMENT2": "please place this configuration file into your config directory",
  "__COMMENT3": "with the following name: cpm-server-default.json",
  "player_scaling": {
    "5e576bc6-7e0b-33f4-9bfb-a3fe45b42aa2": {},
    "2f9e7244-0780-304d-8a39-391c88c66883": {},
    "6a1873bc-84c5-3615-9ba4-6c9e20c467cb": {
      "scale": 1.0,
      "eyeHeight": 1.0,
      "hitboxH": 1.0
    },
    "e9e7ef06-6791-38e1-9aec-17630517bfb0": {},
    "c7abc494-e4d4-3e82-ad50-512310c0a2cf": {},
    "fbe1649e-f4a6-3741-9709-2c26d9c19520": {},
    "bdb724a6-cdd9-3090-8a84-334cfd3703cb": {},
    "0c0dd13f-c47b-3111-8262-870a5558d2ae": {},
    "bd8d93f7-2fff-3b56-b1f5-7c411482f89c": {},
    "d8e152a0-6ce1-30d7-bfeb-b70ba5fc9ab7": {},
    "313b2e47-950d-3903-a7e2-1f9903d19f6b": {},
    "b4d0c143-e09d-3bb1-8ca8-83cad336cb08": {},
    "53b7e4ec-c34c-305c-a07f-7440bd4a8d0c": {},
    "3c6ee329-c136-3b1a-84b0-1ea0aedc05b0": {},
    "cc527c83-e090-3d80-95ef-4f0391d2f308": {},
    "a5fd0e46-a542-33b2-9a6b-442503fa38e0": {},
    "3c897609-d30e-38da-a8f1-204d8ed9a06f": {},
    "0cce7a52-171c-3bd3-af35-38d645673ed5": {},
    "29b36dcf-a9d0-3e9b-8e3f-c1b07c6182c3": {},
    "e38d8af5-08ec-307f-b006-5bcda6a15e00": {},
    "779d6f8d-608d-36a8-9adf-27ed7ec6ccba": {},
    "f1d8c51e-8ec4-34bd-8644-abd2f6216a3a": {},
    "72b8014c-261f-344e-9307-185c51b237b8": {},
    "5983663f-a08d-3bcf-b0e0-ae5093726597": {},
    "fe15f6da-6496-3279-8d0d-3f0e9f83cb86": {},
    "0bff00e5-601d-3ab1-934e-bda0443e86ec": {},
    "baf7723e-7b9c-3ec9-b6a1-2d924fbafb50": {},
    "fc962a11-97bf-324a-9022-4487c181e33b": {},
    "826b721f-4263-3d53-a9fb-8860fe7a1ec3": {},
    "dec2f6cd-b28b-316e-a252-08bb66ac152c": {},
    "863d3561-a0dd-3a02-9e8e-3a7ff4931017": {},
    "135057e4-4ef9-3348-9de8-4d3dd69615f2": {},
    "369835d3-b20a-38bd-a07a-dde274302bfc": {
      "scale": 1.388563,
      "eyeHeight": 0.6994135,
      "hitboxH": 0.7096774
    },
    "fc813d85-7594-3e61-bfa3-8d722e71d8aa": {},
    "c3dad49a-b81c-346d-b373-6023a14ce38d": {},
    "c9f49b49-12fd-3ee4-8f7b-0e7e8c901b87": {},
    "fe559f81-7d58-389f-ab09-be66f567c1ae": {},
    "f34f5636-9cd0-3f12-8b0c-3edfc8b0b45b": {},
    "36e620e2-6aa4-38d8-8580-289388e1f842": {},
    "3f62d1ab-cd6e-3adf-b779-39214d5fb977": {
      "scale": 1.388563,
      "eyeHeight": 0.6994135,
      "hitboxH": 0.7096774
    },
    "81a8b22c-9e47-3b8e-951f-46363de8addf": {},
    "603c693a-71a3-3b80-879f-0bab77648986": {},
    "6d69bc58-3f14-3afd-989a-471db35caf85": {
      "scale": 1.388563,
      "eyeHeight": 0.6994135,
      "hitboxH": 0.7096774
    },
    "adb37460-4b98-3a59-8d9e-cbbbbc865640": {},
    "167d7995-bee7-3c5c-8651-ad7a0512f57f": {
      "hitboxH": 0.7096774,
      "eyeHeight": 0.6994135,
      "scale": 1.388563
    },
    "d66fbcfe-ce50-3142-bcde-fd708c8ba5a4": {},
    "fe999339-d7c3-3dd3-bf78-4e45e7e17fc3": {},
    "c8380251-2af1-375a-a6e6-ffdde03c8fa0": {},
    "c97fc776-dd96-3fc0-8cc1-a6dc7560a50c": {},
    "39f735c1-009b-34d7-81cd-fa781910580b": {}
  },
  "player_scaling_settings": {},
  "scaling_settings": {
    "mining_speed": {},
    "motion": {},
    "third_person": {},
    "hitbox_width": {},
    "eye_height": {},
    "mob_visibility": {},
    "flight_speed": {},
    "reach": {},
    "health": {},
    "attack_speed": {},
    "view_bobbing": {},
    "defense": {},
    "attack_knockback": {},
    "step_height": {},
    "hitbox_height": {},
    "attack_dmg": {},
    "fall_damage": {},
    "entity": {}
  },
  "skins": {
    "5983663f-a08d-3bcf-b0e0-ae5093726597": {},
    "167d7995-bee7-3c5c-8651-ad7a0512f57f": {}
  },
  "kickPlayersWithoutMod": 0.0
}